<?xml version="1.0" encoding="UTF-8" standalone="no"?>
<project default="create_run_jar" name="Create Examplary Addon for VANTED">
    <target name="create_run_jar">
    	<!-- This can be used to keep all old versions of your Add-on instead of overwriting -->
    	<tstamp>
         <format property="date" pattern="yy-MM-dd" locale="en" />
    	</tstamp>
    	<!-- put sources and classes into the jar -->
      <jar destfile="Add-on-Example.jar" filesetmanifest="mergewithoutmain">
      	<fileset dir="target/classes"/>
	      <fileset dir="src/main/java">
         	<include name="**/*.java"/>
         	<include name="**/*.xml"/>
         </fileset>
      	<!-- dont forget to include yours libs using this command -->
      	<!-- <zipfileset excludes="META-INF/*.SF" src="./lib/*.jar"/> -->
       </jar>
    </target>
</project>