<?xml version="1.0" encoding="ISO-8859-1" ?>

<!DOCTYPE plugin
  PUBLIC "-//GRAFFITI/DTD Plugin Descriptin 1.0//EN"
 "http://www.graffiti.org/dtd/1.0/plugin.dtd">

<plugin>
    <author>Matthias Klapperstueck</author>
    <description>Extends VANTED to show how you can write Add-ons for VANTED. There are plenty of extension possibilities available (algorithms, context-menu entries,...).</description>
    <plugindesc>
        <name>Exemplary Add-on</name>
        <main>org.vanted.addons.exampleaddon.ExemplaryAddon</main>
        <version>2.0</version>
        <feedname>Example-Add-on Changelog</feedname>
        <feedurl>https://immersive-analytics.infotech.monash.edu/vanted/addons/example/rss-changelog.xml</feedurl>
        <compatibility>2.5.0</compatibility>
        <available>https://bitbucket.org/matthiak/vanted-addon-example/</available>
    </plugindesc>
</plugin>